Mozilla/5.0 (Linux; Android 9; ZX-105) AppleWebKit/537.36 (KHTML, like Gecko) Chrome/109.0.0.0 Safari/537.36
Mozilla/5.0 (Linux; Android 12; STELLAR M3) AppleWebKit/537.36 (KHTML, like Gecko) Chrome/102.0.0.0 Mobile Safari/537.36
Mozilla/5.0 (Linux; Android 11; ZUUM PAD Lightyear Build/RP1A.201005.001) AppleWebKit/537.36 (KHTML, like Gecko) Chrome/127.0.6533.103 Mobile Safari/537.36
Mozilla/5.0 (Linux; Android 13; ONIX) AppleWebKit/537.36 (KHTML, like Gecko) Chrome/111.0.0.0 Mobile Safari/537.36
Mozilla/5.0 (Linux; U; Android 13; ONIX Build/TP1A.220624.014; wv) AppleWebKit/537.36 (KHTML, like Gecko) Version/4.0 Chrome/127.0.6533.103 Mobile Safari/537.36 OPR/12.0.2254.73744
Mozilla/5.0 (Linux; Android 13.0.0; ONIX) AppleWebKit/537.36 (KHTML, like Gecko) Chrome/128.0.6613.99 Mobile Safari/537.36
Mozilla/5.0 (Linux; Android 10; MAGNO C1 Build/QP1A.190711.020) AppleWebKit/537.36 (KHTML, like Gecko) Chrome/126.0.6478.71 Mobile Safari/537.36
Mozilla/5.0 (Linux; Android 10; MAGNO C1 Build/QP1A.190711.020) AppleWebKit/537.36 (KHTML, like Gecko) Chrome/128.0.6613.127 Mobile Safari/537.36
Mozilla/5.0 (Linux; Android 10; MAGNO C1 Build/QP1A.190711.020) AppleWebKit/537.36 (KHTML, like Gecko) Chrome/90.0.4430.93 Mobile Safari/537.36
Mozilla/5.0 (Linux; Android 10; MAGNO C1 Build/) AppleWebKit/535.19 (KHTML, like Gecko) Chrome/18.0.1025.133 Mobile Safari/535.19
Mozilla/5.0 (Linux; Android 10; MAGNO C1) AppleWebKit/537.36 (KHTML, like Gecko) Chrome/127.0.0.0 Mobile Safari/537.36
Mozilla/5.0 (Linux; Android 13; Magno C Plus Build/TP1A.220624.014) AppleWebKit/537.36 (KHTML, like Gecko) Chrome/127.0.6533.143 Mobile Safari/537.36
Mozilla/5.0 (Linux; Android 10; Magno C Plus) AppleWebKit/537.36 (KHTML, like Gecko) Chrome/111.0.0.0 Mobile Safari/537.36
Mozilla/5.0 (Linux; Android 10; Hidra Plus) AppleWebKit/537.36 (KHTML, like Gecko) Chrome/128.0.0.0 Mobile Safari/537.36
Mozilla/5.0 (Linux; Android 11; COVET X Build/RP1A.201005.001) AppleWebKit/537.36 (KHTML, like Gecko) Chrome/127.0.6533.143 Mobile Safari/537.36
Mozilla/5.0 (Linux; Android 11; AURA PRO JLO Build/RP1A.201005.001) AppleWebKit/537.36 (KHTML, like Gecko) Chrome/127.0.6533.143 Mobile Safari/537.36
Mozilla/5.0 (Linux; Android 10; AURA PLUS JLO) AppleWebKit/537.36 (KHTML, like Gecko) Chrome/127.0.0.0 Mobile Safari/537.36
Mozilla/5.0 (Linux; Android 10; AKUS PRO Build/QP1A.190711.020) AppleWebKit/537.36 (KHTML, like Gecko) Chrome/127.0.6533.143 Mobile Safari/537.36
Mozilla/5.0 (Linux; Android 7.0; ZUK Z2131) AppleWebKit/537.36 (KHTML, like Gecko) Chrome/102.0.5005.134 Mobile Safari/537.36 OPR/70.3.3653.66287
Mozilla/5.0 (Linux; Android 10; ZR01) AppleWebKit/537.36 (KHTML, like Gecko) Chrome/86.0.4240.114 Mobile Safari/537.36 RakutenWebsearch/4.86.7
Mozilla/5.0 (Linux; Android 10; ZR01) AppleWebKit/537.36 (KHTML, like Gecko) Chrome/117.0.0.0 Mobile Safari/537.36
Mozilla/5.0 (Linux; Android 10; ZR01) AppleWebKit/537.36 (KHTML, like Gecko) Chrome/114.0.0.0 Mobile Safari/537.36
Mozilla/5.0 (Linux; U; Android 6.0.1; Z981 Build/MMB29M; wv) AppleWebKit/537.36 (KHTML, like Gecko) Version/4.0 Chrome/95.0.4638.74 Mobile Safari/537.36 OPR/83.1.2254.73239
Mozilla/5.0 (Linux; Android 10; Z7540) AppleWebKit/537.36 (KHTML, like Gecko) Chrome/124.0.0.0 Mobile Safari/537.36
Mozilla/5.0 (Linux; U; Android 10; dandelion Build/QP1A.190711.020; wv) AppleWebKit/537.36 (KHTML, like Gecko) Version/4.0 Chrome/127.0.6533.105 Mobile Safari/537.36 OPR/83.1.2254.73243
Mozilla/5.0 (Linux; Android 10; dandelion) AppleWebKit/537.36 (KHTML, like Gecko) Chrome/88.0.4324.152 Mobile Safari/537.36
Mozilla/5.0 (Linux; U; Android 10; dandelion Build/QP1A.190711.020; wv) AppleWebKit/537.36 (KHTML, like Gecko) Version/4.0 Chrome/127.0.6533.103 Mobile Safari/537.36 OPR/83.1.2254.73103
Mozilla/5.0 (Linux; U; Android 10; dandelion Build/QP1A.190711.020; wv) AppleWebKit/537.36 (KHTML, like Gecko) Version/4.0 Chrome/127.0.6533.103 Mobile Safari/537.36 OPR/79.0.2254.70805
Mozilla/5.0 (Linux; Android 10; dandelion) AppleWebKit/537.36 (KHTML, like Gecko) Chrome/111.0.0.0 Mobile Safari/537.36
Mozilla/5.0 (Linux; Android 10; dandelion) AppleWebKit/537.36 (KHTML, like Gecko) Chrome/99.0.4844.73 Mobile Safari/537.36
Mozilla/5.0 (Linux; Android 11.0.0; Z6251) AppleWebKit/537.36 (KHTML, like Gecko) Chrome/128.0.6613.127 Mobile Safari/537.36
Mozilla/5.0 (Linux; Android 12; Projector) AppleWebKit/537.36 (KHTML, like Gecko) Chrome/128.0.0.0 Safari/537.36
Mozilla/5.0 (Linux; Android 4.4.4; Spro2) AppleWebKit/537.36 (KHTML, like Gecko) Chrome/81.0.4044.138 Mobile Safari/537.36 OPR/58.8.2878.72999
Mozilla/5.0 (Linux; Android 10; Guardian Build/QP1A.190711.020) AppleWebKit/537.36 (KHTML, like Gecko) Chrome/128.0.6613.127 Mobile Safari/537.36
Mozilla/5.0 (Linux; Android 5.1; ZTE Q529C Build/LMY47D) AppleWebKit/537.36 (KHTML, like Gecko) Chrome/47.0.2526.83 Mobile Safari/537.36
Mozilla/5.0 (Linux; U; Android 5.1.1; ZTE N939Sc Build/LMY47V; wv) AppleWebKit/537.36 (KHTML, like Gecko) Version/4.0 Chrome/95.0.4638.74 Mobile Safari/537.36 OPR/62.5.2254.61243
Mozilla/5.0 (Linux; Android 6.0.1; N9519 Build/MMB29M) AppleWebKit/537.36 (KHTML, like Gecko) Chrome/67.0.3396.87 Mobile Safari/537.36
Mozilla/5.0 (Linux; Android 6.0.1; N9519 Build/MMB29M) AppleWebKit/537.36 (KHTML, like Gecko) Chrome/49.0.2623.91 Mobile Safari/537.36
Mozilla/5.0 (Linux; Android 11; ZTE 7530N) AppleWebKit/537.36 (KHTML, like Gecko) Chrome/78.0.3904.96 Mobile Safari/537.36
Mozilla/5.0 (Linux; Android 10; ZTE_V971LM) AppleWebKit/537.36 (KHTML, like Gecko) Chrome/126.0.0.0 Mobile Safari/537.36
Mozilla/5.0 (Linux; Android 8.0.0; CELL) AppleWebKit/537.36 (KHTML, like Gecko) Chrome/96.0.4664.45 Mobile Safari/537.36
Mozilla/5.0 (Linux; Android 10; CELL) AppleWebKit/537.36 (KHTML, like Gecko) Chrome/126.0.0.0 Mobile Safari/537.36
Mozilla/5.0 (Linux; Android 7.0; K88) AppleWebKit/537.36 (KHTML, like Gecko) Chrome/81.0.4044.138 Mobile Safari/537.36
Mozilla/5.0 (Linux; Android 9; T96) AppleWebKit/537.36 (KHTML, like Gecko) Chrome/72.0.3626.121 Safari/537.36
Mozilla/5.0 (Linux; Android 5.0.2; ZTE T84) AppleWebKit/537.36 (KHTML, like Gecko) Chrome/95.0.4638.74 Mobile Safari/537.36
Mozilla/5.0 (Linux; Android 11; T81 Build/RP1A.201005.001) AppleWebKit/537.36 (KHTML, like Gecko) Chrome/123.0.6312.121 Mobile Safari/537.36
Mozilla/5.0 (Linux; Android 10; ZTE T0802) AppleWebKit/537.36 (KHTML, like Gecko) Chrome/128.0.0.0 Safari/537.36
Mozilla/5.0 (Linux; U; Android 7.1.1; ZTE V0840 Build/NMF26F; wv) AppleWebKit/537.36 (KHTML, like Gecko) Version/4.0 Chrome/52.0.2743.100 Mobile Safari/537.36 OPR/11.7.2254.71626
Mozilla/5.0 (Linux; Android 8.1.0; S518 Build/O21019) AppleWebKit/537.36 (KHTML, like Gecko) Chrome/123.0.6312.41 Mobile Safari/537.36
Mozilla/5.0 (Linux; Android 8.1.0; S518 Build/O21019) AppleWebKit/537.36 (KHTML, like Gecko) Chrome/121.0.6167.178 Mobile Safari/537.36
Mozilla/5.0 (Linux; Android 8.1.0; S518 Build/O21019) AppleWebKit/537.36 (KHTML, like Gecko) Chrome/116.0.0.0 Mobile Safari/537.36
Mozilla/5.0 (Linux; Android 8.1.0; S518 Build/O21019) AppleWebKit/537.36 (KHTML, like Gecko) Chrome/120.0.6099.144 Mobile Safari/537.36
Mozilla/5.0 (Linux; Android 5.1; ZTE S36) AppleWebKit/537.36 (KHTML, like Gecko) Chrome/95.0.4638.74 Mobile Safari/537.36
Mozilla/5.0 (Linux; Android 10; ZTE 8030N) AppleWebKit/537.36 (KHTML, like Gecko) Chrome/127.0.0.0 Mobile Safari/537.36
Mozilla/5.0 (Linux; Android 10; 9030N) AppleWebKit/537.36 (KHTML, like Gecko) Chrome/121.0.0.0 Mobile Safari/537.36
Mozilla/5.0 (Linux; Android 9.0.0; P545) AppleWebKit/537.36 (KHTML, like Gecko) Chrome/125.0.6422.72 Mobile Safari/537.36
Mozilla/5.0 (Linux; Android 10; P545) AppleWebKit/537.36 (KHTML, like Gecko) Chrome/126.0.0.0 Mobile Safari/537.36
Mozilla/5.0 (Linux; Android 9; P609) AppleWebKit/537.36 (KHTML, like Gecko) Chrome/89.0.4389.105 Mobile Safari/537.36
Mozilla/5.0 (Linux; U; Android 9; P609 Build/PPR1.180610.011; wv) AppleWebKit/537.36 (KHTML, like Gecko) Version/4.0 Chrome/74.0.3729.136 Mobile Safari/537.36 OPR/11.9.2254.73026
Mozilla/5.0 (Linux; Android 9; Z6621O) AppleWebKit/537.36 (KHTML, like Gecko) Chrome/71.0.3578.99 Mobile Safari/537.36
Mozilla/5.0 (Linux; Android 8.1.0; Z5031O Build/OPM1.171019.026) AppleWebKit/537.36 (KHTML, like Gecko) Chrome/110.0.5481.65 Mobile Safari/537.36
Mozilla/5.0 (Linux; Android 8.1.0; Z5031O Build/OPM1.171019.026) AppleWebKit/537.36 (KHTML, like Gecko) Chrome/123.0.6312.120 Mobile Safari/537.36
Mozilla/5.0 (Linux; Android 8.1.0; Z5031O) AppleWebKit/537.36 (KHTML, like Gecko) Chrome/127.0.0.0 Mobile Safari/537.36
Mozilla/5.0 (Linux; Android 11; P650 2021) AppleWebKit/537.36 (KHTML, like Gecko) Chrome/101.0.0.0 Mobile Safari/537.36
Mozilla/5.0 (Linux; Android 13; NX711J Build/) AppleWebKit/535.19 (KHTML, like Gecko) Chrome/18.0.1025.133 Mobile Safari/535.19
Mozilla/5.0 (Linux; Android 14; ZTE Nubia Z20) AppleWebKit/537.36 (KHTML, like Gecko) Chrome/123.0.6284.198 Mobile Safari/537.36
Mozilla/5.0 (Linux; Android 13; ZTE Nubia Z20) AppleWebKit/537.36 (KHTML, like Gecko) Chrome/122.0.6332.201 Mobile Safari/537.36
Mozilla/5.0 (Linux; Android 13; ZTE Nubia Z20) AppleWebKit/537.36 (KHTML, like Gecko) Chrome/123.0.6293.222 Mobile Safari/537.36
Mozilla/5.0 (Linux; Android 13; ZTE Nubia Z20) AppleWebKit/537.36 (KHTML, like Gecko) Chrome/124.0.6309.194 Mobile Safari/537.36
Mozilla/5.0 (Linux; Android 8.1.0; NX595J Build/OPM1.171019.019) AppleWebKit/537.36 (KHTML, like Gecko) Chrome/86.0.4240.183 Mobile Safari/537.36
Mozilla/5.0 (Linux; Android 10; NX591J) AppleWebKit/537.36 (KHTML, like Gecko) Chrome/124.0.0.0 Safari/537.36
Mozilla/5.0 (Linux; Android 7.1.2; Nubia Z11 mini) AppleWebKit/537.36 (KHTML, like Gecko) Chrome/114.0.5735.196 Mobile Safari/537.36 OPR/76.2.4027.73374
Mozilla/5.0 (Linux; Android 9.0.0; NX616J) AppleWebKit/537.36 (KHTML, like Gecko) Chrome/127.0.6533.103 Mobile Safari/537.36
Mozilla/5.0 (Linux; Android 10; NX769J) AppleWebKit/537.36 (KHTML, like Gecko) Chrome/126.0.0.0 Mobile Safari/537.36 OPR/83.0.0.0
Mozilla/5.0 (Linux; Android 14; NX769J) AppleWebKit/537.36 (KHTML, like Gecko) Chrome/126.0.0.0 Mobile Safari/537.36
Mozilla/5.0 (Linux; Android 14; NX769J Build/) AppleWebKit/535.19 (KHTML, like Gecko) Chrome/18.0.1025.133 Mobile Safari/535.19
Mozilla/5.0 (Linux; Android 13; NX729S) AppleWebKit/537.36 (KHTML, like Gecko) Chrome/68.0.3440.91 Mobile Safari/537.36
Mozilla/5.0 (Linux; Android 13.0.0; NX729J; wv) AppleWebKit/537.36 (KHTML, like Gecko) Version/4.0 Chrome/128.0.6613.123 Mobile Safari/537.36
Mozilla/5.0 (Linux; Android 13; NX729J) AppleWebKit/537.36 (KHTML, like Gecko) Chrome/78.0.3904.96 Mobile Safari/537.36
Mozilla/5.0 (Linux; Android 13; NX709S Build/TKQ1.221013.002; ) AppleWebKit/537.36 (KHTML, like Gecko) Chrome/124.0.0.0 Mobile Safari/537.36  NewsSapphire/29.2.420909022
Mozilla/5.0 (Linux; Android 10; NX709S) AppleWebKit/537.36 (KHTML, like Gecko) Chrome/123.0.0.0 Mobile Safari/537.36
Mozilla/5.0 (Linux; Android 13; NX709J) AppleWebKit/537.36 (KHTML, like Gecko) Chrome/115.0.0.0 Mobile Safari/537.36
Mozilla/5.0 (Linux; Android 10; NX709J) AppleWebKit/537.36 (KHTML, like Gecko) Chrome/126.0.0.0 Mobile Safari/537.36
Mozilla/5.0 (Linux; Android 12.0.0; NX679J) AppleWebKit/537.36 (KHTML, like Gecko) Chrome/128.0.6613.99 Mobile Safari/537.36
Mozilla/5.0 (Linux; Android 13.0.0; NX679J; wv) AppleWebKit/537.36 (KHTML, like Gecko) Version/4.0 Chrome/127.0.6533.103 Mobile Safari/537.36
Mozilla/5.0 (Linux; Android 10; NX679J) AppleWebKit/537.36 (KHTML, like Gecko) Chrome/122.0.0.0 Mobile Safari/537.36
Mozilla/5.0 (Linux; Android 11; NX669J Build/RKQ1.210614.002) AppleWebKit/537.36 (KHTML, like Gecko) Chrome/127.0.6533.103 Mobile Safari/537.36
Mozilla/5.0 (Linux; Android 11; NX669J) AppleWebKit/537.36 (KHTML, like Gecko) Chrome/87.0.4280.141 Mobile Safari/537.36
Mozilla/5.0 (Linux; U; Android 11; NX659J Build/RKQ1.200826.002; wv) AppleWebKit/537.36 (KHTML, like Gecko) Version/4.0 Chrome/127.0.6533.105 Mobile Safari/537.36 OPR/84.0.2254.73823
Mozilla/5.0 (Linux; Android 10.0.0; NX659J; wv) AppleWebKit/537.36 (KHTML, like Gecko) Version/4.0 Chrome/127.0.6533.103 Mobile Safari/537.36
Mozilla/5.0 (Linux; Android 10; NX659J) AppleWebKit/537.36 (KHTML, like Gecko) Chrome/114.0.0.0 Mobile Safari/537.36
Mozilla/5.0 (Linux; Android 9.0.0; NX629J) AppleWebKit/537.36 (KHTML, like Gecko) Chrome/127.0.6533.84 Mobile Safari/537.36
Mozilla/5.0 (Linux; Android 10; NX629J) AppleWebKit/537.36 (KHTML, like Gecko) Chrome/114.0.0.0 Mobile Safari/537.36
Mozilla/5.0 (Linux; Android 8.1.0; NX609J) AppleWebKit/537.36 (KHTML, like Gecko) Chrome/128.0.6613.127 Mobile Safari/537.36
Mozilla/5.0 (Linux; Android 10.0.0; NX651J; wv) AppleWebKit/537.36 (KHTML, like Gecko) Version/4.0 Chrome/128.0.6613.123 Mobile Safari/537.36
Mozilla/5.0 (Linux; Android 11; NX651J) AppleWebKit/537.36 (KHTML, like Gecko) Chrome/95.0.4638.50 Mobile Safari/537.36
Mozilla/5.0 (Linux; U; Android 13; nubia 8150N Build/TP1A.220624.014; wv) AppleWebKit/537.36 (KHTML, like Gecko) Version/4.0 Chrome/127.0.6533.105 Mobile Safari/537.36 OPR/83.1.2254.73239
Mozilla/5.0 (Linux; Android 13; nubia 8150N) AppleWebKit/537.36 (KHTML, like Gecko) Chrome/111.0.0.0 Mobile Safari/537.36
Mozilla/5.0 (Linux; Android 10; nubia 8150N) AppleWebKit/537.36 (KHTML, like Gecko) Chrome/126.0.0.0 Mobile Safari/537.36 OPR/83.0.0.0
